,City,Cloudiness,Country,Date,Humidity,Lat,Longitude,Max Temp,Wind Speed
0,Bengkulu,63,ID,1612535046,83,-3.8004,102.2655,78.8,4.14
1,Ushuaia,40,AR,1612534885,76,-54.8,-68.3,50.0,31.07
2,Rikitea,78,PF,1612535183,74,-23.1203,-134.9692,77.77,14.12
3,Atuona,25,PF,1612535184,80,-9.8,-139.0333,78.51,14.43
4,Saskylakh,100,RU,1612535184,83,71.9167,114.0833,-31.61,5.57
5,Zhigansk,23,RU,1612535184,75,66.7697,123.3711,-40.25,4.27
6,Punta Arenas,20,CL,1612535184,54,-53.15,-70.9167,53.6,28.77
7,Bluff,100,NZ,1612535184,85,-46.6,168.3333,53.51,3.76
8,Pidhorodna,13,UA,1612535184,95,48.107,30.8895,26.31,5.84
9,Vaini,90,TO,1612535185,100,-21.2,-175.2,77.0,2.3
10,Tual,100,ID,1612535185,81,-5.6667,132.75,83.88,20.09
11,Yulara,51,AU,1612535185,33,-25.2406,130.9889,73.4,8.05
12,Mataura,100,NZ,1612535185,94,-46.1927,168.8643,47.5,1.61
13,Belyy Yar,83,RU,1612535185,92,53.6039,91.3903,1.4,2.24
14,Sisimiut,0,GL,1612535185,73,66.9395,-53.6735,10.0,7.67
15,Fare,94,PF,1612535186,67,-16.7,-151.0167,81.01,7.2
16,Salalah,20,OM,1612535186,60,17.0151,54.0924,75.2,6.91
17,Hachinohe,49,JP,1612535186,95,40.5,141.5,30.07,6.82
18,Hobart,90,AU,1612535127,88,-42.8794,147.3294,70.0,16.11
19,Busselton,90,AU,1612535186,68,-33.65,115.3333,61.0,3.0
20,Tuktoyaktuk,40,CA,1612535187,68,69.4541,-133.0374,-29.2,13.8
21,Naze,89,JP,1612534938,72,28.3667,129.4833,60.93,9.73
22,Karlskoga,11,SE,1612535167,73,59.3267,14.5239,21.99,5.75
23,Kuloy,100,RU,1612535187,93,61.0305,42.4925,2.98,9.06
24,Castro,0,BR,1612535187,61,-24.7911,-50.0119,71.33,6.85
25,Constitución,87,CL,1612535187,76,-35.3333,-72.4167,61.38,6.62
26,Katsuura,75,JP,1612535187,57,35.1333,140.3,51.01,11.5
27,Moree,40,AU,1612535188,44,-29.4667,149.85,80.6,12.66
28,Ponta do Sol,68,PT,1612535188,61,32.6667,-17.1,55.99,5.01
29,Talnakh,100,RU,1612535188,85,69.4865,88.3972,-22.05,5.79
30,Pisco,0,PE,1612535188,78,-13.7,-76.2167,73.4,5.75
31,Port Lincoln,100,AU,1612535188,79,-34.7333,135.8667,63.18,22.84
32,Namatanai,100,PG,1612535188,84,-3.6667,152.4333,79.14,7.58
33,Nikolskoye,20,RU,1612535188,78,59.7035,30.7861,9.0,13.42
34,Bambous Virieux,40,MU,1612535189,65,-20.3428,57.7575,84.2,11.5
35,Yellowknife,1,CA,1612534909,67,62.456,-114.3525,-38.2,8.05
36,Butaritari,100,KI,1612535189,82,3.0707,172.7902,80.76,11.56
37,Waingapu,100,ID,1612535189,83,-9.6567,120.2641,79.27,7.36
38,Pemangkat,100,ID,1612535189,90,1.1667,108.9667,76.23,9.17
39,Yangi Marg`ilon,100,UZ,1612535190,57,40.4272,71.7189,44.6,0.13
40,Kulu,0,TR,1612535190,47,39.0951,33.0799,52.45,8.99
41,Gao,0,ML,1612535190,10,16.6362,1.637,92.1,12.71
42,Pokhara,63,NP,1612535190,77,28.2333,83.9833,48.6,2.04
43,Geraldton,75,AU,1612535190,68,-28.7667,114.6,68.0,17.27
44,Cape Town,20,ZA,1612535098,64,-33.9258,18.4232,80.01,27.63
45,Ribeira Grande,20,PT,1612535191,59,38.5167,-28.7,60.8,9.22
46,Albany,100,US,1612535056,60,42.6001,-73.9662,36.0,3.0
47,Jamestown,90,US,1612534936,69,42.097,-79.2353,28.4,14.97
48,Saint Paul Harbor,90,US,1612535191,80,57.79,-152.4072,24.8,4.61
49,Quarteira,40,PT,1612535175,88,37.0695,-8.1006,57.2,11.5
50,Schwedt,100,DE,1612535191,62,53.0596,14.2815,32.0,5.99
51,Nanortalik,0,GL,1612535191,77,60.1432,-45.2371,22.15,2.71
52,Broken Hill,0,AU,1612535191,30,-31.95,141.4333,69.8,12.66
53,Darnah,100,LY,1612534926,64,32.767,22.6367,64.04,14.07
54,Pangkalanbuun,92,ID,1612535026,94,-2.6833,111.6167,75.96,3.65
55,Kapaa,75,US,1612535066,77,22.0752,-159.319,62.01,6.91
56,Praia da Vitória,40,PT,1612535192,58,38.7333,-27.0667,60.01,18.48
57,San Patricio,90,US,1612535192,58,28.017,-97.5169,59.0,18.41
58,Mahébourg,40,MU,1612535192,65,-20.4081,57.7,84.2,11.5
59,Ambovombe,100,MG,1612535193,69,-25.1667,46.0833,81.25,8.12
60,Iqaluit,75,CA,1612535193,79,63.7506,-68.5145,17.6,12.66
61,Hilo,1,US,1612535193,72,19.7297,-155.09,63.0,6.91
62,Libenge,37,CD,1612535194,11,3.65,18.6333,102.87,5.66
63,Pimentel,75,PE,1612535194,78,-6.8367,-79.9342,71.6,10.36
64,Thompson,75,CA,1612535185,76,55.7435,-97.8558,-18.4,5.75
65,Codrington,53,AU,1612535194,81,-38.2667,141.9667,57.27,10.58
66,Sfântu Gheorghe,11,RO,1612535194,68,45.8667,25.7833,50.0,2.33
67,Souillac,40,MU,1612535194,65,-20.5167,57.5167,84.2,11.5
68,Avera,90,US,1612535195,96,33.194,-82.5271,53.6,10.36
69,Takoradze,22,GH,1612535195,75,4.8845,-1.7554,84.83,10.63
70,Airai,100,TL,1612535195,100,-8.9266,125.4092,61.75,2.46
71,Dareda,61,TZ,1612535195,66,-4.2167,35.55,72.9,2.57
72,Lompoc,1,US,1612535195,93,34.6391,-120.4579,46.99,5.53
73,Tautira,15,PF,1612535196,65,-17.7333,-149.15,82.0,1.99
74,Kavieng,100,PG,1612535196,88,-2.5744,150.7967,78.93,13.31
75,Port Alfred,96,ZA,1612535196,87,-33.5906,26.891,72.0,5.99
76,Ginir,83,ET,1612535196,20,7.1333,40.7,76.06,11.05
77,Peterhead,75,GB,1612535196,87,57.5058,-1.7981,37.4,17.27
78,Dubbo,90,AU,1612535196,88,-32.25,148.6167,71.6,13.8
79,Alofi,100,NU,1612535196,88,-19.0595,-169.9187,77.0,8.05
80,Albina,100,SR,1612535197,84,5.5,-54.05,78.1,4.88
81,Carnarvon,90,AU,1612535197,79,-24.8667,113.6333,80.6,19.57
82,Edd,0,ER,1612535197,33,13.9297,41.6925,87.15,25.46
83,Saint-Philippe,0,RE,1612535197,54,-21.3585,55.7679,86.0,4.61
84,Ilulissat,20,GL,1612535197,37,69.2167,-51.1,10.4,16.11
85,Shubarkuduk,99,KZ,1612535197,96,49.1447,56.4872,34.65,14.7
86,Bafra,78,TR,1612535197,62,41.5678,35.9069,53.01,11.99
87,Comodoro Rivadavia,40,AR,1612535198,68,-45.8667,-67.5,66.2,13.8
88,Erzin,0,TR,1612535198,70,36.9559,36.2,64.0,5.01
89,Hervey Bay,6,AU,1612535198,81,-25.2986,152.8535,73.0,1.01
90,Esperance,40,AU,1612535198,94,-33.8667,121.9,57.2,4.61
91,Eureka,1,US,1612535198,100,40.8021,-124.1637,41.0,3.44
92,Tasiilaq,20,GL,1612535199,68,65.6145,-37.6368,19.4,6.91
93,Tessalit,3,ML,1612535199,10,20.1986,1.0114,90.39,9.17
94,Harta,90,HU,1612535199,93,46.6985,19.0305,48.0,6.91
95,Lovozero,100,RU,1612535199,96,68.005,35.0117,16.12,4.85
96,Maniitsoq,4,GL,1612535199,74,65.4167,-52.9,13.24,6.69
97,Birao,0,CF,1612535199,11,10.2849,22.7882,93.96,10.87
98,Cumberland,75,US,1612535200,100,35.0502,-78.8664,45.0,4.61
99,Tezu,0,IN,1612535200,27,27.9167,96.1667,65.21,5.17
100,Vanimo,100,PG,1612535200,82,-2.6741,141.3028,79.79,3.65
101,Katangli,92,RU,1612535200,89,51.7102,143.2326,-8.32,8.84
102,Fairbanks,1,US,1612535200,67,64.8378,-147.7164,-20.0,3.47
103,Yerbogachën,93,RU,1612535200,88,61.2767,108.0108,-15.5,2.46
104,Makakilo City,20,US,1612535069,82,21.3469,-158.0858,62.6,3.44
105,Rio Grande,75,BR,1612535154,68,-32.035,-52.0986,71.6,20.71
106,Adrar,74,MR,1612535201,29,20.5022,-10.0711,75.74,8.32
107,Shirvan,39,AZ,1612535201,42,39.9509,48.8994,62.73,16.82
108,New Norfolk,100,AU,1612535201,84,-42.7826,147.0587,70.0,3.91
109,Port Elizabeth,20,ZA,1612535163,69,-33.918,25.5701,77.0,17.27
110,Aksaray,20,TR,1612535066,41,38.3726,34.0254,55.4,10.36
111,Lata,100,PT,1612535201,82,40.1629,-8.3327,55.99,3.0
112,Mount Gambier,90,AU,1612535201,94,-37.8333,140.7667,55.4,9.22
113,Upernavik,100,GL,1612535202,75,72.7868,-56.1549,3.22,4.18
114,Palmer,90,US,1612535065,80,42.1584,-72.3287,36.0,10.36
115,Bredasdorp,0,ZA,1612535202,57,-34.5322,20.0403,77.0,11.5
116,Saint-Augustin,100,CA,1612535202,95,51.226,-58.6502,32.7,18.57
117,Berlevåg,75,NO,1612535202,80,70.8578,29.0864,30.2,16.11
118,Provideniya,100,RU,1612535202,89,64.3833,-173.3,3.33,23.82
119,São Filipe,100,CV,1612535202,71,14.8961,-24.4956,72.27,13.62
120,Awjilah,0,LY,1612535203,28,29.1081,21.2869,71.8,6.2
121,Tiksi,100,RU,1612535203,89,71.6872,128.8694,-16.73,16.17
122,Laguna,1,US,1612535203,87,38.421,-121.4238,37.99,0.96
123,Araouane,3,ML,1612535203,9,18.9048,-3.5265,94.86,15.48
124,Kodinsk,100,RU,1612535203,93,58.6881,99.1844,3.81,5.1
125,Ndendé,75,GA,1612535203,52,-2.4008,11.3581,91.4,4.61
126,Alzamay,34,RU,1612535203,92,55.5562,98.6644,1.72,3.8
127,Morón,0,AR,1612534930,42,-34.6534,-58.6198,78.01,3.0
128,Porto-Novo,20,BJ,1612535204,66,6.4965,2.6036,89.6,12.66
129,Pīpār,0,IN,1612535204,32,26.3856,73.5378,60.73,5.75
130,Severo-Kuril'sk,80,RU,1612535204,85,50.6789,156.125,11.7,5.64
131,Caravelas,42,BR,1612535204,56,-17.7125,-39.2481,88.43,11.74
132,Priiskovyy,87,RU,1612535204,85,51.9333,116.6333,-9.85,1.07
133,Nanning,0,CN,1612535204,52,22.8167,108.3167,68.0,2.24
134,Khatanga,2,RU,1612535050,76,71.9667,102.5,-32.06,8.25
135,Clyde River,20,CA,1612535205,69,70.4692,-68.5914,-20.2,12.66
136,Tromsø,40,NO,1612535205,80,69.6496,18.957,28.4,10.36
137,Cabo San Lucas,1,MX,1612535205,42,22.8909,-109.9124,70.0,3.13
138,Eyl,97,SO,1612535205,63,7.9803,49.8164,76.95,15.93
139,Dikson,3,RU,1612535205,83,73.5069,80.5464,-30.28,14.5
140,Pevek,98,RU,1612535205,89,69.7008,170.3133,-11.78,2.86
141,Greenfield,90,US,1612535205,66,42.9614,-88.0126,9.0,20.71
142,Sabzawār,0,IR,1612534945,23,36.2126,57.6819,57.2,6.91
143,Santiago,0,CL,1612535138,68,-33.4569,-70.6483,73.99,4.61
144,Contai,0,IN,1612535206,57,21.7786,87.7536,67.93,6.53
145,Bogorodskoye,100,RU,1612535206,94,56.55,37.8833,7.2,9.31
146,Jalu,0,LY,1612535206,28,29.0331,21.5482,72.05,6.2
147,Riyadh,17,SA,1612535206,13,24.6877,46.7219,78.8,19.57
148,Santa Maria da Vitória,47,BR,1612535206,49,-13.3947,-44.1886,88.72,5.57
149,Paamiut,0,GL,1612535207,74,61.994,-49.6678,18.43,5.79
150,Qaanaaq,9,GL,1612535207,72,77.484,-69.3632,-14.4,7.18
151,Thanh Hoa,0,VN,1612534908,91,19.8,105.7667,65.08,3.96
152,Bessonovka,100,RU,1612535207,96,53.3097,45.0407,21.4,12.73
153,Shediac,75,CA,1612535207,93,46.2198,-64.5411,34.0,6.91
154,Torbay,40,CA,1612535207,100,47.6666,-52.7314,46.4,10.36
155,Cidreira,92,BR,1612535208,77,-30.1811,-50.2056,69.75,19.1
156,Mahon,0,ES,1612535208,63,39.8885,4.2658,64.4,9.22
157,Saldanha,4,ZA,1612535208,50,-33.0117,17.9442,80.6,21.85
158,Emerald,35,AU,1612535208,65,-23.5333,148.1667,78.8,13.8
159,Andros Town,20,BS,1612535208,73,24.7,-77.7667,69.8,10.36
160,East London,90,ZA,1612534930,88,-33.0153,27.9116,71.6,9.22
161,Burnie,100,AU,1612535208,97,-41.0667,145.9167,63.0,15.3
162,Arraial do Cabo,90,BR,1612534965,94,-22.9661,-42.0278,77.0,5.75
163,Abu Samrah,70,SY,1612535209,70,35.3029,37.1841,56.5,8.63
164,Kanhangad,31,IN,1612535209,77,12.3081,75.1063,79.03,7.23
165,Hermanus,0,ZA,1612535209,67,-34.4187,19.2345,79.0,8.99
166,Kasongo-Lunda,24,CD,1612535209,58,-6.4667,16.8167,88.03,0.4
167,Saint George,1,US,1612535209,64,37.1041,-113.5841,33.01,0.18
168,Kanniyākumāri,0,IN,1612535209,73,8.0833,77.5667,78.46,13.85
169,Fukuechō,100,JP,1612535209,76,32.6881,128.8419,50.5,5.46
170,Nísia Floresta,40,BR,1612534921,62,-6.0911,-35.2086,87.8,16.11
171,Flin Flon,75,CA,1612535210,76,54.7682,-101.865,-18.4,11.5
172,Guerrero Negro,0,MX,1612534954,85,27.9769,-114.0611,56.17,9.53
173,Rawson,0,AR,1612535210,26,-43.3002,-65.1023,84.49,14.67
174,Calamar,20,CO,1612535210,83,10.2511,-74.9146,82.4,6.91
175,Matagami,1,CA,1612535210,86,49.7502,-77.6328,17.6,9.22
176,Cayenne,75,GF,1612535211,78,4.9333,-52.3333,82.4,17.27
177,Dodoma,40,TZ,1612535211,42,-6.1722,35.7395,86.0,16.11
178,Gushikawa,1,JP,1612535211,72,26.3544,127.8686,64.4,4.61
179,Cherskiy,0,RU,1612535211,77,68.75,161.3,-13.04,6.85
180,Kokkola,0,FI,1612535211,85,63.8385,23.1307,16.0,6.91
181,Puerto Madero,1,MX,1612535211,94,14.7208,-92.4215,73.4,4.45
182,Diamantino,97,BR,1612535211,72,-14.4086,-56.4461,82.13,6.44
183,Ancud,0,CL,1612535212,46,-41.8697,-73.8203,73.99,19.57
184,Requena,24,ES,1612535212,84,39.4883,-1.1004,62.01,11.59
185,Vestmannaeyjar,40,IS,1612535212,81,63.4427,-20.2734,37.4,28.77
186,Hong Kong,0,HK,1612535139,72,22.2855,114.1577,68.0,5.35
187,Dalvik,0,IS,1612535212,63,65.9702,-18.5286,26.6,4.61
188,Maragogi,57,BR,1612535174,63,-9.0122,-35.2225,84.76,12.44
189,Mbini,40,GQ,1612535212,79,1.574,9.6134,87.8,8.05
190,Vostok,100,RU,1612535213,94,46.4856,135.8833,-0.09,3.36
191,Karasjok,75,NO,1612535213,93,69.4719,25.5112,23.0,2.3
192,San Rafael,0,AR,1612534997,25,-34.6177,-68.3301,79.0,6.42
193,Muros,85,ES,1612535213,74,42.7762,-9.0603,55.0,13.94
194,Puerto Ayora,75,EC,1612535213,78,-0.7393,-90.3518,78.8,9.22
195,Khovd,70,MN,1612535213,84,48.0056,91.6419,17.96,0.56
196,Bethel,90,US,1612535213,87,41.3712,-73.414,35.6,11.5
197,Shiyan,0,CN,1612535214,44,32.6475,110.7781,51.44,4.65
198,Haines Junction,43,CA,1612535214,75,60.7522,-137.5108,-25.6,1.66
199,Barrow,90,US,1612535214,70,71.2906,-156.7887,-14.8,8.05
200,Kaitangata,92,NZ,1612535214,75,-46.2817,169.8464,54.0,5.79
201,Chumikan,100,RU,1612535214,85,54.7183,135.315,-12.39,17.83
202,Biltine,0,TD,1612535214,11,14.5333,20.9167,89.19,17.92
203,Omsukchan,85,RU,1612535214,83,62.5333,155.8,-24.9,2.91
204,Río Cuarto,0,AR,1612535215,53,-33.1307,-64.3499,75.99,13.8
205,Ostrovnoy,100,RU,1612535215,93,68.0531,39.5131,13.39,16.2
206,Macusani,81,PE,1612535215,61,-14.0833,-70.4333,46.09,3.4
207,Avarua,54,CK,1612535215,94,-21.2078,-159.775,73.4,1.14
208,Rocky Mountain House,100,CA,1612535215,85,52.3668,-114.9188,3.2,5.75
209,Norman Wells,75,CA,1612535215,62,65.282,-126.8329,-25.6,14.97
210,Petropavlovsk-Kamchatskiy,2,RU,1612534945,65,53.0452,158.6483,-5.8,11.18
211,Nelson Bay,69,AU,1612535216,73,-32.7167,152.15,73.99,10.36
212,Faanui,93,PF,1612535216,72,-16.4833,-151.75,80.65,8.77
213,Port Hardy,90,CA,1612535216,93,50.6996,-127.4199,42.8,8.05
214,Coari,100,BR,1612535216,72,-4.085,-63.1414,84.65,2.37
215,Baykit,100,RU,1612535216,89,61.67,96.37,-0.02,2.8
216,Pocatello,90,US,1612535216,80,42.8713,-112.4455,33.01,25.32
217,Kalmunai,91,LK,1612535188,85,7.4167,81.8167,76.8,10.96
218,Port Macquarie,96,AU,1612535217,98,-31.4333,152.9167,66.0,11.01
219,Şereflikoçhisar,0,TR,1612535217,44,38.9393,33.5386,53.8,8.72
220,Opuwo,95,NA,1612535217,26,-18.0607,13.84,88.3,2.37
221,Slantsy,100,RU,1612535217,94,59.1182,28.0914,9.99,6.73
222,Upington,20,ZA,1612535217,9,-28.4478,21.2561,100.4,9.22
223,Sakaiminato,90,JP,1612535217,76,35.55,133.2333,44.6,8.05
224,Kiryat Gat,12,IL,1612535218,100,31.61,34.7642,66.0,1.99
225,Aklavik,75,CA,1612535218,68,68.2191,-135.0107,-29.2,2.3
226,Westport,100,US,1612535218,92,41.1415,-73.3579,39.0,13.0
227,Alice Springs,100,AU,1612535130,53,-23.7,133.8833,75.2,6.91
228,Mayo,40,US,1612535218,81,38.8876,-76.5119,43.0,4.61
229,Mount Isa,95,AU,1612535218,48,-20.7333,139.5,89.6,6.91
230,Tiarei,29,PF,1612535218,65,-17.5333,-149.3333,82.0,1.99
231,Gijang,0,KR,1612535219,42,35.2442,129.2139,42.8,2.3
232,Linhai,61,CN,1612535219,65,28.85,121.1167,60.01,1.61
233,Leningradskiy,100,RU,1612535219,87,69.3833,178.4167,-13.99,10.56
234,Tamandaré,24,BR,1612535219,63,-8.7597,-35.1047,84.49,11.52
235,Camopi,89,GF,1612535219,89,3.1655,-52.3158,78.67,4.52
236,Letka,100,RU,1612535219,97,59.6011,49.4232,18.57,11.23
237,Waipawa,75,NZ,1612535219,100,-41.4122,175.5153,57.0,12.66
238,Hastings,0,GB,1612535173,72,50.8552,0.5729,53.01,4.0
239,Encheng,0,CN,1612535220,77,22.1839,112.3026,63.27,2.95
240,Laas,0,IT,1612535220,70,46.6166,10.7002,51.01,4.61
241,Ahipara,100,NZ,1612535220,89,-35.1667,173.1667,60.82,5.39
242,Zhalantun,49,CN,1612535220,87,48.0,122.7167,1.29,1.72
243,Takhli,0,TH,1612535220,65,15.2634,100.3438,80.01,6.46
244,Manggar,70,ID,1612535220,82,-2.8833,108.2667,80.04,11.83
245,Chokurdakh,99,RU,1612535221,87,70.6333,147.9167,-16.24,14.18
246,Maunabo,4,PR,1612535221,82,18.0072,-65.8993,82.0,5.99
247,West Wendover,90,US,1612535221,48,40.7391,-114.0733,37.4,12.66
248,Xichang,0,CN,1612535056,53,27.8964,102.2634,47.71,2.55
249,San Andrés,20,CO,1612535221,74,12.5847,-81.7006,82.4,12.66
250,Djambala,34,CG,1612535222,44,-2.5447,14.7533,87.6,2.98
251,Taungdwingyi,0,MM,1612535222,35,20.0167,95.55,75.16,2.06
252,Kurumkan,14,RU,1612535222,80,54.3,110.3,-4.22,3.91
253,‘Ewa Beach,20,US,1612535222,82,21.3156,-158.0072,62.6,3.44
254,Slyudyanka,100,RU,1612534926,85,51.6594,103.7061,7.45,3.62
255,Verkhoyansk,98,RU,1612535222,80,67.5447,133.385,-33.48,1.81
256,Pombas,40,CV,1612535223,53,17.1503,-25.0201,75.2,28.77
257,Eilat,75,IL,1612535223,82,29.5581,34.9482,62.6,11.43
258,Magdagachi,98,RU,1612535223,87,53.45,125.8,-17.32,4.07
259,Lapão,86,BR,1612535223,45,-11.3833,-41.8319,84.76,10.02
260,Marsh Harbour,0,BS,1612535223,59,26.5412,-77.0636,70.36,13.15
261,Nakapiripirit,94,UG,1612535223,18,1.9167,34.7833,89.26,9.15
262,San Jose,1,US,1612534960,70,37.3394,-121.895,45.0,1.23
263,Monteagudo,40,BO,1612535224,60,-19.8167,-63.9833,75.2,3.78
264,Poum,16,NC,1612535224,74,-20.2333,164.0167,79.97,5.14
265,George Town,20,MY,1612535224,74,5.4112,100.3354,84.2,5.75
266,Jaunpur,40,IN,1612535224,68,25.7333,82.6833,66.2,4.61
267,St Johann im Pongau,100,AT,1612535224,85,47.35,13.2,46.99,1.01
268,Atar,100,MR,1612535224,24,20.5169,-13.0499,74.73,13.82
269,Visby,75,SE,1612535225,74,57.6409,18.296,25.0,13.8
270,Lebu,78,CL,1612535225,79,-37.6167,-73.65,62.31,10.09
271,Karpathos,20,GR,1612535225,77,35.507,27.2132,64.4,23.02
272,Labuhan,98,ID,1612535225,85,-6.8844,112.2051,79.32,15.01
273,Mahajanga,20,MG,1612535225,66,-15.7167,46.3167,87.8,12.66
274,Huarmey,85,PE,1612535225,67,-10.0681,-78.1522,73.35,7.7
275,Bitung,40,ID,1612535225,94,1.4451,125.1824,77.0,1.14
276,Ciudad Bolivar,82,VE,1612535226,57,8.1222,-63.5497,83.71,14.2
277,Khorramshahr,40,IR,1612535226,60,30.4397,48.1664,71.6,11.5
278,Kantang,20,TH,1612535226,74,7.4054,99.5156,80.6,5.75
279,Ballina,40,AU,1612535226,88,-28.8667,153.5667,69.8,2.3
280,Pangnirtung,90,CA,1612535226,66,66.1451,-65.7125,8.6,2.3
281,Rørvik,75,NO,1612535226,93,64.8621,11.2373,23.0,4.61
282,Umluj,47,SA,1612535226,57,25.0213,37.2685,70.56,16.06
283,Demba,76,CD,1612535227,50,-5.51,22.2667,89.46,1.03
284,Fortuna,90,US,1612535227,100,40.5982,-124.1573,41.0,5.75
285,Irbit,100,RU,1612535227,97,57.6705,63.071,34.14,8.23
286,Bathsheba,40,BB,1612535227,54,13.2167,-59.5167,82.4,24.16
287,Nishihara,20,JP,1612535227,55,26.1842,127.7558,64.4,4.61
288,Trincomalee,91,LK,1612535227,76,8.5711,81.2335,78.57,13.53
289,Los Llanos de Aridane,75,ES,1612535227,72,28.6585,-17.9182,57.2,11.5
290,Wschowa,100,PL,1612535228,53,51.807,16.3166,35.01,4.0
291,Shuyskoye,100,RU,1612535228,94,59.3736,41.0305,7.39,8.39
292,Mossamedes,20,AO,1612535228,61,-15.1961,12.1522,77.0,17.27
293,Nuuk,20,GL,1612535228,67,64.1835,-51.7216,15.8,9.22
294,West Memphis,1,US,1612535228,86,35.1465,-90.1845,32.0,3.44
295,Touros,40,BR,1612535228,51,-5.1989,-35.4608,87.8,18.41
296,Mahibadhoo,96,MV,1612535228,76,3.7833,72.9667,81.5,13.29
297,Kasempa,46,ZM,1612535228,64,-13.4584,25.8338,80.8,2.1
298,Altay,96,CN,1612535229,87,47.8667,88.1167,17.53,3.13
299,Kalaīkunda,0,IN,1612535229,35,22.35,87.25,68.43,5.97
300,Fort Frances,90,CA,1612535229,71,48.5999,-93.4003,-4.0,13.8
301,Shenzhen,0,CN,1612535137,78,22.5455,114.0683,69.01,4.25
302,Longyearbyen,75,SJ,1612535229,79,78.2186,15.6401,17.6,4.61
303,Dabola,100,GN,1612535229,9,10.75,-11.1167,99.75,5.17
304,Rome,90,US,1612535045,93,43.2128,-75.4557,34.0,9.22
305,Tocache,92,PE,1612535230,78,-8.1842,-76.5125,74.25,0.76
306,Bontang,100,ID,1612535230,85,0.1333,117.5,79.75,8.88
307,Port Blair,16,IN,1612535230,80,11.6667,92.75,79.43,9.75
308,Mar del Plata,0,AR,1612535082,60,-38.0023,-57.5575,71.6,6.91
309,Acurenam,100,GQ,1612535230,74,1.0322,10.6488,80.44,3.83
310,Damietta,40,EG,1612535100,77,31.4165,31.8133,66.2,11.5
311,Lüderitz,0,NA,1612535230,43,-26.6481,15.1594,79.34,29.59
312,Sinazongwe,73,ZM,1612535231,62,-17.2614,27.4618,85.32,8.61
313,Luang Prabang,0,LA,1612535231,57,19.8856,102.1347,71.02,0.51
314,Nabire,100,ID,1612535231,81,-3.3667,135.4833,76.96,2.26
315,Sitka,90,US,1612535231,100,57.0531,-135.33,33.8,4.61
316,Elizabeth City,90,US,1612535231,81,36.2946,-76.2511,46.4,8.05
317,Kamaishi,70,JP,1612535231,85,39.2667,141.8833,35.69,9.69
318,Cuiluan,99,CN,1612535231,90,47.72,128.648,-3.44,4.21
319,Östersund,0,SE,1612535232,92,63.1792,14.6357,16.0,11.5
320,Panabá,0,MX,1612535232,81,21.2833,-88.2667,67.26,6.33
321,Anloga,20,GH,1612535232,66,5.7947,0.8973,91.4,12.66
322,Nioro,100,GM,1612535232,11,13.35,-15.75,93.18,9.13
323,Korla,54,CN,1612535232,82,41.7597,86.1469,30.43,5.01
324,Dolzhanskaya,63,RU,1612535232,53,46.6311,37.8039,30.0,15.99
325,Tandaltī,3,SD,1612535232,14,13.0167,31.8667,82.62,18.92
326,Tuatapere,100,NZ,1612535233,88,-46.1333,167.6833,52.77,1.05
327,Ixtapa,1,MX,1612535233,77,20.7,-105.2,59.0,6.91
328,Pau Brasil,43,BR,1612535233,59,-15.4642,-39.6511,85.89,5.64
329,Oktyabr'skiy,100,RU,1612535233,96,54.4815,53.471,37.36,14.99
330,Strezhevoy,20,RU,1612535233,85,60.7333,77.5889,5.0,8.95
331,Samarai,0,PG,1612535233,78,-10.6167,150.6667,81.79,5.5
332,Taltal,0,CL,1612535233,61,-25.4,-70.4833,69.3,5.75
333,Miyako,85,JP,1612535233,95,39.6367,141.9525,32.5,5.84
334,Roebourne,17,AU,1612535234,78,-20.7833,117.1333,81.46,11.74
335,Kudahuvadhoo,100,MV,1612535234,75,2.6708,72.8944,81.9,17.78
336,Marabu,40,MY,1612535234,94,4.4148,114.0089,78.8,4.61
337,Pochutla,40,MX,1612535234,78,15.7432,-96.4661,73.99,3.47
338,São Félix do Xingu,77,BR,1612535234,64,-6.6447,-51.995,85.3,5.08
339,Dunedin,56,NZ,1612535215,79,-45.8742,170.5036,55.99,5.01
340,Lavrentiya,100,RU,1612535235,92,65.5833,-171.0,1.04,16.69
341,Concepción del Uruguay,0,AR,1612535186,50,-32.4825,-58.2372,78.01,4.0
342,Rodolfo Sánchez Taboada,0,MX,1612535236,91,31.7167,-116.5667,48.0,3.0
343,Erenhot,3,CN,1612535236,90,43.6475,111.9767,19.85,13.24
344,Honningsvåg,75,NO,1612535236,86,70.9821,25.9704,30.2,9.22
345,Chimoio,1,MZ,1612535236,80,-19.1164,33.4833,81.21,4.18
346,San Quintín,0,MX,1612535236,84,30.4833,-115.95,51.8,3.62
347,Lebowakgomo,20,ZA,1612535236,64,-24.2,29.5,82.4,8.05
348,Dingle,100,PH,1612535237,89,10.9995,122.6711,75.97,7.07
349,Talara,90,PE,1612535237,73,-4.5772,-81.2719,75.2,11.5
350,Baruun-Urt,99,MN,1612535237,95,46.6806,113.2792,12.25,9.69
351,Shache,0,CN,1612535237,68,38.4167,77.2406,36.55,6.49
352,Chapada dos Guimarães,75,BR,1612535237,83,-15.4606,-55.7497,78.8,6.91
353,Yerofey Pavlovich,100,RU,1612535238,84,53.9667,121.9667,-12.37,4.32
354,Batagay-Alyta,100,RU,1612535238,84,67.8006,130.4114,-26.03,1.72
355,Grindavik,75,IS,1612535238,75,63.8424,-22.4338,39.2,26.46
356,Narsaq,1,GL,1612535238,48,60.9167,-46.05,12.2,3.44
357,Tucuruí,13,BR,1612535238,65,-3.7661,-49.6725,86.29,5.28
358,Ürümqi,100,CN,1612535238,92,43.801,87.6005,15.8,2.01
359,Chui,63,UY,1612535238,64,-33.6971,-53.4616,68.65,12.95
360,Bambanglipuro,94,ID,1612535239,85,-7.95,110.2833,78.33,5.46
361,Cadillac,90,US,1612535239,79,44.2519,-85.4012,17.6,11.5
362,Nome,75,US,1612535239,73,64.5011,-165.4064,17.6,24.16
363,Key West,1,US,1612535239,68,24.5557,-81.7826,72.0,10.36
364,Toktogul,100,KG,1612535239,66,41.8708,72.9402,34.16,2.3
365,Saint-François,0,FR,1612535239,87,46.4154,3.9054,53.01,6.91
366,Suntar,65,RU,1612535240,81,62.1444,117.6319,-38.99,2.51
367,Padang,40,ID,1612535240,89,-0.9492,100.3543,80.6,2.3
368,Hasaki,75,JP,1612535240,75,35.7333,140.8333,42.8,1.14
369,Henties Bay,32,NA,1612535240,84,-22.116,14.2845,68.0,4.0
370,Ullapool,100,GB,1612535240,65,57.8987,-5.1604,37.0,21.0
371,Voskresenskoye,100,RU,1612535240,96,56.8381,45.4317,16.88,11.92
372,Kathmandu,75,NP,1612534967,71,27.7167,85.3167,51.8,4.61
373,Sawākin,0,SD,1612535241,42,19.1059,37.3321,76.08,14.07
374,Seymchan,93,RU,1612535241,86,62.8833,152.4333,-16.94,2.68
375,Srandakan,93,ID,1612535241,85,-7.9386,110.2506,78.48,5.68
376,Alghero,0,IT,1612535241,67,40.5589,8.3181,62.6,3.44
377,Merta,0,IN,1612535241,30,26.65,74.0333,63.23,6.71
378,Shimoda,25,JP,1612535241,36,34.6667,138.95,44.01,3.0
379,Acarí,100,PE,1612535241,59,-15.4311,-74.6158,75.99,4.81
380,Scarborough,100,GB,1612535084,96,54.2797,-0.4044,44.01,4.0
381,Kibala,0,TD,1612535242,10,9.1104,18.3463,98.6,6.91
382,Grand Gaube,0,MU,1612535242,71,-20.0064,57.6608,82.0,7.0
383,Ossora,100,RU,1612535242,93,59.2353,163.0719,5.0,5.1
384,Necochea,0,AR,1612535242,34,-38.5473,-58.7368,82.0,1.99
385,Espoo,0,FI,1612535242,78,60.25,24.6667,10.0,10.36
386,Birjand,0,IR,1612535242,8,32.8663,59.2211,59.0,13.8
387,Abnūb,40,EG,1612535243,63,27.2696,31.1511,66.2,16.11
388,Walvis Bay,0,NA,1612535243,60,-22.9575,14.5053,73.4,10.36
389,Kavaratti,26,IN,1612535243,74,10.5669,72.642,81.73,11.07
390,Miles City,75,US,1612535243,79,46.4083,-105.8406,17.6,7.29
391,Port Hedland,44,AU,1612535243,78,-20.3167,118.5667,80.6,6.91
392,Philadelphia,90,US,1612535135,81,39.9523,-75.1638,39.2,10.36
393,Arklow,88,IE,1612535243,88,52.7931,-6.1414,41.0,7.34
394,Flinders,100,AU,1612535244,81,-34.5833,150.8552,73.99,3.0
395,Soe,100,ID,1612535244,99,-9.8607,124.284,67.51,3.58
396,Nyurba,29,RU,1612535244,80,63.2842,118.3319,-41.22,2.46
397,Ridgeland,1,US,1612535244,87,32.4285,-90.1323,39.2,7.29
398,Diego de Almagro,0,CL,1612535244,22,-26.3667,-70.05,76.37,6.06
399,Kahului,90,US,1612535244,94,20.8947,-156.47,62.6,5.44
400,Capaci,0,IT,1612535245,25,38.1711,13.2393,73.4,26.46
401,Villanueva de la Serena,60,ES,1612535055,94,38.9766,-5.7974,51.01,5.99
402,Arlit,38,NE,1612535245,12,18.7369,7.3853,85.66,3.47
403,Soddy-Daisy,100,US,1612535245,84,35.2359,-85.1908,37.99,3.0
404,Lagoa,98,PT,1612535245,69,39.05,-27.9833,55.26,14.2
405,Meulaboh,98,ID,1612535245,73,4.1363,96.1285,80.69,0.38
406,Ponce,0,PR,1612535166,66,18.073,-66.6185,84.0,8.99
407,Hopkinton,90,US,1612535246,87,41.4612,-71.7776,42.01,6.91
408,Mawlamyine,0,MM,1612535246,45,16.4914,97.6256,79.81,5.03
409,Asmara,18,ER,1612535246,45,15.3333,38.9333,62.67,8.79
410,Phuket,20,TH,1612535246,83,8.0,98.25,87.01,7.29
411,Killybegs,75,IE,1612535246,93,54.6333,-8.45,44.6,4.61
412,Safita,28,SY,1612535247,68,34.8205,36.1153,64.0,1.99
413,Rioblanco,94,CO,1612535247,69,3.5308,-75.6806,69.6,2.64
414,Scheia,75,RO,1612535247,80,47.65,26.2333,37.0,3.44
415,Oussouye,0,SN,1612535247,39,12.485,-16.5469,86.0,6.91
416,Sørland,40,NO,1612535247,75,67.667,12.6934,35.6,13.8
417,Jumla,46,NP,1612535248,88,29.2747,82.1838,27.79,5.79
418,Gimli,100,CA,1612535248,71,50.6336,-96.9907,-5.8,12.66
419,Huittinen,90,FI,1612535248,85,61.1833,22.7,9.0,6.91
420,Luga,100,RU,1612535248,93,58.7372,29.8453,7.25,7.36
421,Balod,0,IN,1612535248,24,20.73,81.2047,68.47,4.79
422,Yeppoon,40,AU,1612535248,73,-23.1333,150.7333,75.2,6.33
423,Aguadilla,1,PR,1612535249,78,18.4275,-67.1541,81.0,9.22
424,Ocampo,0,MX,1612535249,38,21.65,-101.5,52.52,8.46
425,Turukhansk,100,RU,1612535250,89,65.8167,87.9833,-18.58,3.8
426,Arica,0,CL,1612535044,64,-18.475,-70.3042,73.4,6.91
427,Jijiga,82,ET,1612535250,15,9.35,42.8,80.42,2.13
428,Gillette,90,US,1612535250,93,44.2911,-105.5022,23.0,6.91
429,Havre-St-Pierre,90,CA,1612535250,100,50.2334,-63.5986,32.0,9.22
430,Vao,6,NC,1612535250,86,-22.6667,167.4833,78.37,18.45
431,Saijō,75,JP,1612535250,57,33.9167,133.1833,46.99,8.05
432,Ulaanbaatar,75,MN,1612535120,79,47.9077,106.8832,12.2,4.47
433,Beruwala,99,LK,1612535251,80,6.4788,79.9828,79.59,9.22
434,Havøysund,75,NO,1612535251,86,70.9963,24.6622,30.2,9.22
435,Skellefteå,90,SE,1612535251,79,64.7507,20.9528,21.99,5.75
436,Portland,90,US,1612535011,93,45.5234,-122.6762,45.0,14.97
437,São Lourenço do Sul,75,BR,1612535251,68,-31.3653,-51.9783,71.6,20.71
438,Kirovskiy,100,RU,1612535251,97,45.0917,133.5136,12.67,3.18
439,Sayyan,0,YE,1612535252,26,15.1718,44.3244,66.27,9.1
440,Lloydminster,20,CA,1612535144,76,53.2835,-110.0016,-18.4,8.05
441,Shingū,93,JP,1612535252,73,33.7333,135.9833,44.55,6.06
442,Santo Antônio do Içá,100,BR,1612535252,97,-3.1022,-67.9397,74.41,3.27
443,Inuvik,100,CA,1612535252,75,68.3499,-133.7218,-29.2,6.91
444,Zhuhai,0,CN,1612535252,88,22.2769,113.5678,71.01,5.75
445,Dossor,99,KZ,1612535253,78,47.5272,52.9811,43.41,6.67
446,Māngrol,0,IN,1612535253,54,21.1167,70.1167,72.36,14.58
447,Mahina,25,PF,1612535253,65,-17.5065,-149.489,82.0,1.99
448,Udachny,16,RU,1612535050,79,66.4167,112.4,-37.86,1.83
449,Acaraú,9,BR,1612535253,55,-2.8856,-40.12,86.79,17.58
450,Urengoy,0,RU,1612535253,85,65.9667,78.3667,-31.0,2.91
451,Bāfq,67,IR,1612535253,20,31.6128,55.4107,68.92,7.81
452,Treuchtlingen,100,DE,1612535253,89,48.95,10.9167,46.0,1.25
453,Tara,88,RU,1612535254,97,56.8944,74.371,18.91,7.47
454,Oddur,0,SO,1612535254,18,4.1213,43.8894,92.37,8.66
455,Vikhorevka,40,RU,1612535254,85,56.1201,101.1636,6.8,6.71
456,Okhotsk,100,RU,1612535254,86,59.3833,143.3,0.14,9.42
457,Stykkisholmur,100,IS,1612535254,89,65.0757,-22.7297,33.75,16.75
458,Kirakira,27,SB,1612535254,80,-10.4544,161.9205,79.25,4.5
459,Sokoni,40,TZ,1612535254,55,-6.4333,39.55,91.4,13.8
460,Palembang,20,ID,1612535081,89,-2.9167,104.7458,78.8,4.61
461,Aykhal,0,RU,1612535255,81,66.0,111.5,-33.84,3.71
462,Zorritos,40,PE,1612535255,74,-3.6805,-80.6782,82.4,3.13
463,Klaksvík,75,FO,1612535255,69,62.2266,-6.589,35.6,13.8
464,Omboué,100,GA,1612535255,76,-1.5746,9.2618,84.06,10.76
465,Mēga,60,ET,1612535255,20,4.05,38.3,81.5,11.1
466,Byron Bay,40,AU,1612535255,88,-28.65,153.6167,69.8,2.3
467,Togur,100,RU,1612535255,96,58.3631,82.8265,10.67,6.55
468,Olafsvik,100,IS,1612535256,86,64.8945,-23.7142,37.58,37.11
469,Boromlya,62,UA,1612535256,94,50.6184,34.9704,16.41,13.0
470,Haimen,0,CN,1612535256,82,23.1935,116.6142,60.8,2.24
471,Itoman,20,JP,1612535256,72,26.1247,127.6694,64.4,5.75
472,Hithadhoo,100,MV,1612535256,78,-0.6,73.0833,82.98,13.8
473,Kosh-Agach,78,RU,1612535257,88,50.0,88.6667,3.74,2.1
474,Haverhill,90,US,1612535212,93,42.7762,-71.0773,30.99,5.48
475,Berezniki,100,RU,1612535257,100,59.4152,56.8124,33.01,5.01
476,Rocha,99,UY,1612535186,66,-34.4833,-54.3333,66.22,12.57
477,Praia,75,CV,1612535161,57,14.9215,-23.5087,75.2,21.85
478,Great Yarmouth,40,GB,1612535257,76,52.6083,1.7305,52.0,3.44
479,Mananjary,94,MG,1612535257,71,-21.2167,48.3333,83.98,10.74
480,Amparafaravola,41,MG,1612535258,76,-17.5833,48.2167,77.27,6.73
481,Buraidah,75,SA,1612535258,33,26.326,43.975,77.0,6.91
482,Mongu,82,ZM,1612535258,53,-15.2484,23.1274,84.97,5.99
483,San Carlos,81,VE,1612535258,58,9.6612,-68.5827,85.66,1.66
484,Ilhabela,39,BR,1612535258,72,-23.7781,-45.3581,82.15,7.87
485,Santa Cruz de la Sierra,40,BO,1612535259,51,-17.8,-63.1667,84.2,14.97
486,Novobiryusinskiy,90,RU,1612535259,94,56.9578,97.7076,1.96,4.27
487,Lagunas,98,PE,1612535259,78,-5.2269,-75.6753,80.78,0.87
488,Usinsk,100,RU,1612535259,91,65.9939,57.5281,-4.94,13.22
489,Asău,100,RO,1612535259,64,46.4333,26.4,39.0,1.99
490,Kalaiya,0,NP,1612535260,39,27.0327,85.0022,68.65,19.26
491,Bosaso,0,SO,1612535260,65,11.2842,49.1816,77.0,16.11
492,Wanning,51,CN,1612535260,88,18.8003,110.3967,69.1,7.81
493,Iquique,0,CL,1612535039,60,-20.2208,-70.1431,73.4,8.05
494,Kruisfontein,0,ZA,1612535260,60,-34.0033,24.7314,78.39,20.04
495,Remedios,0,CU,1612535260,83,22.4947,-79.5458,68.0,6.91
496,Ayagoz,99,KZ,1612535260,93,47.9714,80.4392,17.73,6.71
497,Naples,0,IT,1612534983,40,40.8333,14.25,68.0,5.75
498,Te Anau,100,NZ,1612535261,91,-45.4167,167.7167,54.72,0.65
499,Arman',93,RU,1612535261,80,59.7,150.1667,-8.45,12.8
500,Verāval,0,IN,1612535261,54,20.9,70.3667,72.39,13.47
501,Vila Franca do Campo,75,PT,1612535261,58,37.7167,-25.4333,57.2,14.97
502,Gamba,5,GA,1612535261,68,-2.65,10.0,85.46,11.63
503,The Valley,20,AI,1612535167,69,18.217,-63.0578,82.4,16.11
504,Mehrān,90,IR,1612535261,93,33.1222,46.1646,44.6,4.61
505,Coxim,77,BR,1612535262,63,-18.5067,-54.76,84.69,5.86
506,Galle,76,LK,1612535262,81,6.0367,80.217,78.71,1.63
507,San,31,ML,1612535262,8,13.3034,-4.8956,100.27,8.41
508,Sioux Lookout,90,CA,1612535262,70,50.1001,-91.917,-9.4,17.27
509,Saint-Joseph,0,RE,1612535262,54,-21.3667,55.6167,86.0,4.61
510,Grand-Santi,77,GF,1612535262,69,4.25,-54.3833,82.06,4.14
511,Ketchikan,1,US,1612535097,80,55.3422,-131.6461,39.2,9.22
512,Malbork,15,PL,1612535263,98,54.0359,19.0266,28.99,5.73
513,São José do Rio Pardo,75,BR,1612535263,73,-21.5956,-46.8886,86.0,6.53
514,Kāmalāpuram,70,IN,1612535263,37,14.5833,78.65,76.24,9.28
515,Friesach,20,AT,1612535263,75,46.9553,14.4058,48.2,4.61
516,Masalli,98,KR,1612535263,69,34.7959,126.6553,35.6,4.61
517,Lotofaga,90,WS,1612535263,94,-13.9764,-171.8578,75.2,14.97
518,Tongzi,0,CN,1612535263,68,28.7829,105.0877,54.68,3.94
519,Vila Velha,0,BR,1612535263,58,-20.3297,-40.2925,90.0,13.8
520,Blind River,90,CA,1612535264,93,46.1834,-82.9582,32.0,21.85
521,Gigmoto,93,PH,1612535264,85,13.7796,124.39,78.26,9.13
522,Merauke,100,ID,1612535264,88,-8.4667,140.3333,79.63,14.25
523,Nizhniy Kuranakh,87,RU,1612535264,83,58.8353,125.4869,-24.84,3.0
524,La Ronge,5,CA,1612535264,69,55.1001,-105.2842,-23.8,8.05
525,Doka,0,SD,1612535264,12,13.5167,35.7667,87.4,12.21
526,Humaitá,100,BR,1612535264,89,-7.5061,-63.0208,81.52,2.77
527,Yugorsk,100,RU,1612535265,97,61.3133,63.3319,13.03,3.76
528,Neiafu,90,TO,1612535265,94,-18.65,-173.9833,78.8,10.36
529,Kamenka,99,RU,1612535265,87,51.3223,42.7678,24.01,11.99
530,Qui Nhon,46,VN,1612535265,87,13.7667,109.2333,70.9,10.96
531,Mhlume,100,SZ,1612535265,74,-26.0333,31.85,82.4,3.44
532,Savonlinna,100,FI,1612535000,78,61.8699,28.88,5.0,9.22
533,Sorong,100,ID,1612535265,76,-0.8833,131.25,82.06,5.3
534,Bāsugaon,0,IN,1612535265,36,26.4667,90.4,69.4,4.09
535,Santa Marinella,100,IT,1612535266,63,42.0345,11.8536,57.0,15.01
536,Nautla,1,MX,1612535266,84,20.2167,-96.7833,65.52,7.0
537,Ruteng,100,ID,1612535266,100,-8.6136,120.4721,64.18,1.34
538,Kyabé,57,TD,1612535266,9,9.4515,18.9449,100.87,8.9
539,Lázaro Cárdenas,51,MX,1612535109,85,17.9583,-102.2,70.92,4.47
540,Hofn,90,IS,1612535266,65,64.2539,-15.2082,37.4,12.66
541,Saryozek,100,KZ,1612535266,79,44.3583,77.9753,32.72,3.56
542,Chipinge,89,ZW,1612535267,82,-20.1883,32.6236,77.0,6.71
543,Spokane,75,US,1612535122,87,47.6166,-117.3677,37.4,5.75
544,Lerwick,75,GB,1612535267,55,60.1545,-1.1494,35.6,21.85
545,Itarema,6,BR,1612535267,55,-2.9248,-39.9167,86.79,16.69
546,Gladstone,40,AU,1612535267,69,-23.85,151.25,78.8,5.75
547,Deputatsky,100,RU,1612535267,86,69.3,139.9,-32.62,1.81
548,Tiznit Province,0,MA,1612535268,44,29.5833,-9.5,59.86,18.45
549,Plattsburgh,90,US,1612535268,64,44.6995,-73.4529,33.8,17.27
550,Ambatofinandrahana,97,MG,1612535268,78,-20.55,46.8,72.73,5.12
551,Chicama,75,PE,1612535268,88,-7.8447,-79.1469,69.8,8.05
552,Pucallpa,40,PE,1612535268,78,-8.3791,-74.5539,80.6,1.14
553,Aksha,42,RU,1612535268,87,50.2814,113.2867,4.08,6.31
554,Yelizovo,0,RU,1612535050,65,53.1873,158.3805,-5.8,11.18
